Id,FirstName,LastName,Company,Email,Phone
00QQy00000C9TBdMAN,Bertha,Boxer,Farmers Coop. of Florida,bertha@fcof.net,(850) 644-4200
00QQy00000C9TBeMAN,Phyllis,Cotton,Abbott Insurance,pcotton@abbottins.net,(703) 757-1000
00QQy00000C9TBfMAN,Jeff,Glimpse,Jackson Controls,jeffg@jackson.com,886-2-25474189
00QQy00000C9TBgMAN,Mike,Braund,Metropolitan Health Services,likeb@metro.com,(410) 381-2334
00QQy00000C9TBhMAN,Patricia,Feager,International Shipping Co.,patricia_feager@is.com,(336) 777-1970
00QQy00000C9TBiMAN,Brenda,Mcclure,Cadinal Inc.,brenda@cardinal.net,(847) 262-5000
00QQy00000C9TBjMAN,Violet,Maccleod,Emerson Transport,violetm@emersontransport.com,(770) 395-2370
00QQy00000C9TBkMAN,Kathy,Snyder,TNR Corp.,ksynder@tnr.net,(860) 273-0123
00QQy00000C9TBlMAN,Tom,James,Delphi Chemicals,tom.james@delphi.chemicals.com,(952) 346-3500
00QQy00000C9TBmMAN,Shelly,Brownell,Western Telecommunications Corp.,shellyb@westerntelecom.com,(408) 326-9000
00QQy00000C9TBnMAN,Pamela,Owenby,Hendrickson Trading,pam_owenby@hendricksontrading.com,(570) 326-1571
00QQy00000C9TBoMAN,Norm,May,Greenwich Media,norm_may@greenwich.net,(419) 289-3555
00QQy00000C9TBpMAN,Pat,Stumuller,Pyramid Construction Inc.,pat@pyramid.net,33562156600
00QQy00000C9TBqMAN,Andy,Young,Dickenson plc,a_young@dickenson.com,(620) 241-6200
00QQy00000C9TBrMAN,Kristen,Akin,Aethna Home Products,kakin@athenahome.com,(434) 369-3100
00QQy00000C9TBsMAN,David,Monaco,Blues Entertainment Corp.,david@blues.com,(033) 452-1299
00QQy00000C9TBtMAN,Carolyn,Crenshaw,Ace Iron and Steel Inc.,carolync@aceis.com,(251) 679-2200
00QQy00000C9TBuMAN,Jack,Rogers,Burlington Textiles Corp of America,jrogers@btca.com,(336) 222-7000
00QQy00000C9TBvMAN,Bill,Dadio Jr,Zenith Industrial Partners,bill_dadio@zenith.com,(614) 431-5000
00QQy00000C9TBwMAN,Eugena,Luce,Pacific Retail Group,eluce@pacificretail.com,(781) 270-6500
00QQy00000C9U3BMAV,Sandra,Eberhard,Highland Manufacturing Ltd.,sandra_e@highland.net,(626) 440-0700
00QQy00000C9U3CMAV,Betty,Bair,American Banking Corp.,bblair@abankingco.com,(610) 265-9100
